time,ppg0,ppg1,ppg2,ambient0
37.775982978125,287158,276241,228614,-173148
37.77599185625,286795,275861,228327,-173164
37.776000734374996,286279,275411,228011,-173196
37.7760096125,285776,274919,227670,-173163
37.776018490625,285277,274462,227355,-173179
37.77602736875,284853,274119,227140,-173172
37.776036246875,284474,273857,226956,-173229
37.776045124999996,284261,273758,226845,-173143
37.776054003125,284083,273781,226745,-173145
37.77606288125,283975,273799,226812,-173209
37.776071759375,283976,273811,226733,-173226
37.7760806375,283928,273862,226843,-173158
37.776089515625,284032,274086,227022,-173165
37.77609839375,284017,274078,227035,-173212
37.776107271875,284135,274280,227116,-173131
37.77611615,284196,274351,227189,-173176
37.776125028125,284284,274546,227333,-173146
37.77613390625,284346,274609,227372,-173177
37.776142784375,284384,274703,227522,-173149
37.7761516625,284650,274176,228105,-173031
37.776160540625,283622,273287,228969,-173287
37.77616941875,282575,274591,230833,-174503
37.776178296875,283211,275786,232382,-172514
37.776187175000004,281581,275730,233510,-172491
37.776196053125,283508,274929,234302,-173369
37.77620493125,284788,273728,232673,-173157
37.776213809375,284867,273763,233705,-174566
37.7762226875,285947,275014,232683,-173468
37.776231565625004,284301,275134,231879,-174970
37.77624044375,283991,276780,232283,-174801
37.776249321875,284779,275256,230269,-175009
37.7762582,286049,273290,231565,-174880
37.7762582,287318,278038,230485,-173192
37.791931845,287680,278461,230715,-173182
37.80760549,288094,278866,230986,-173188
37.823279135,288106,278551,230758,-173070
37.83895278,288392,278675,230438,-173512
37.854626425,288169,278756,230387,-173921
37.87030007,288602,278634,230663,-173916
37.885973715,288993,278154,230776,-174169
37.90164736,288992,278191,230973,-174405
37.917321005,289008,277807,231235,-174359
37.93299465,289136,278031,230755,-174489
37.948668295000004,289641,278023,230693,-174542
37.964341940000004,289959,277891,230684,-174534
37.980015585000004,289761,277746,230666,-174347
37.99568923,289759,277663,230338,-174216
38.011362875,289422,277214,230325,-174261
38.02703652,289322,277577,229989,-174649
38.042710165,289310,277540,229964,-174258
38.05838381,289661,277090,230472,-174260
38.074057455,289671,277202,230712,-174002
38.0897311,289162,277214,230831,-173938
38.105404745,289626,276766,231090,-173913
38.12107839,289677,276518,230721,-173782
38.136752035,289687,276559,230724,-174034
38.15242568,289415,276881,230731,-174035
38.168099325,289471,276613,230267,-174162
38.18377297,289980,276683,230540,-174370
38.199446615,290076,276299,230764,-173910
38.21512026,289964,276119,230780,-174186
38.230793905,289940,275887,230716,-174495
38.24646755,289512,275551,230736,-174915
38.262141195000005,289504,275511,230860,-174523
38.277814840000005,289792,275851,230616,-174840
38.293488485000005,289828,275584,230756,-175304
38.309162130000004,289416,275096,230792,-175520
38.324835775000004,289388,274812,230844,-175832
38.340509420000004,289784,274316,230724,-176081
38.356183065,290228,274740,230848,-175625
38.37185671,290556,274384,230864,-175933
38.387530355,290416,274256,230836,-175510
38.403204,290736,274696,230720,-175831
38.403204,291786,283254,234772,-173106
38.422096870000004,291977,283401,235015,-173166
38.44098974,292157,283547,235197,-173106
38.45988261,292319,283800,235368,-173181
38.47877548,292453,284056,235573,-173157
38.497668350000005,292707,284276,235824,-173149
38.51656122,292719,284665,236092,-173096
38.53545409,292886,284573,236027,-173158
38.554346960000004,292381,284627,236029,-173414
38.573239830000006,292845,284565,236037,-173416
38.5921327,293044,284457,236293,-173348
38.61102557,293301,284470,236308,-173484
38.629918440000004,293204,284981,236559,-173494
38.64881131,293208,284937,236366,-173242
38.66770418,293185,284902,236394,-173046
38.68659705,293503,284511,236371,-173054
38.705489920000005,293980,284074,236272,-173252
38.72438279,294488,283951,236597,-172953
38.74327566,294166,284399,236304,-173109
38.762168530000004,293727,284306,236207,-173246
38.7810614,293945,284207,236239,-172842
38.79995427,293511,283813,236726,-172834
38.81884714,293114,284140,236756,-172903
38.837740010000005,293370,284068,237238,-173184
38.85663288,293656,284259,236963,-173279
38.87552575,293449,284486,237363,-172898
38.89441862,293688,284445,237313,-173231
38.913311490000005,293543,284057,237044,-173235
38.93220436,293436,284512,237459,-172918
38.95109723,292924,284496,237286,-172459
38.969990100000004,293003,284175,237462,-172643
38.98888297,293506,284186,237470,-172995
39.00777584,293985,284517,237629,-173451
39.02666871,294292,284016,237520,-173636
39.045561580000005,294151,283763,237799,-173932
39.06445445,293774,283414,237822,-174248
39.08334732,294157,283805,237809,-174545
39.10224019,293652,283740,238000,-174717
39.121133060000005,293171,283459,237863,-174654
39.14002593,293107,283198,238066,-174702
39.1589188,292806,283113,237877,-174267
39.1589188,288361,277728,231704,-173141
39.1767708125,288391,277748,231713,-173130
39.194622825,288572,277761,231764,-173184
39.212474837500004,288666,277773,231835,-173143
39.230326850000004,288792,277883,231920,-173164
39.2481788625,288840,277928,231904,-173162
39.266030875,289090,278039,231975,-173206
39.2838828875,289178,278104,232034,-173234
39.3017349,289371,278346,232251,-173206
39.3195869125,289575,278499,232319,-173185
39.337438925,289712,278687,232413,-173181
39.3552909375,289940,278973,232616,-173204
39.37314295,290201,279362,232802,-173199
39.3909949625,290450,279700,233039,-173161
39.408846975,290818,280124,233322,-173176
39.426698987500004,291144,280546,233593,-173166
39.444551,291371,280891,233897,-173206
39.4624030125,291571,281080,234040,-173195
39.480255025,291635,281266,234094,-173146
39.4981070375,291382,281134,233989,-173158
39.51595905,291154,280877,233869,-173167
39.5338110625,290735,280577,233646,-173241
39.551663075,290275,280197,233377,-173233
39.5695150875,289900,279948,233230,-173196
39.5873671,289624,279763,233139,-173195
39.605219112499995,289321,279578,232958,-173190
39.623071124999996,289183,279544,232997,-173184
39.640923137499996,289008,279530,232946,-173210
39.65877515,288941,279505,232988,-173244
39.6766271625,288967,279650,233078,-173201
39.694479175,289028,279753,233185,-173190
39.7123311875,289073,279924,233315,-173191
39.7301832,289255,280100,233497,-173218
39.7480352125,289373,280384,233674,-173180
39.765887225,289541,280577,233849,-173182
39.7837392375,289584,280797,234078,-173198
39.801591249999994,289715,280954,234191,-173103
39.819443262499995,289838,281030,234347,-173174
39.837295274999995,289904,281080,234377,-173187
39.855147287499996,290059,281299,234495,-173211
39.8729993,290306,281469,234658,-173183
39.8729993,290747,282071,235114,-173143
39.89107834,290984,282465,235435,-173151
39.909157379999996,291288,282774,235642,-173173
39.92723642,291549,283180,235952,-173173
39.945315459999996,291790,283437,236176,-173181
39.9633945,292065,283838,236445,-173183
39.981473539999996,292325,284211,236728,-173190
39.99955258,292670,284583,236999,-173193
40.017631619999996,292873,284894,237290,-173181
40.03571066,293157,285279,237559,-173179
40.053789699999996,293548,285674,237925,-173178
40.07186874,293976,286012,238155,-173260
40.089947779999996,294243,286451,238456,-173212
40.10802682,294570,286828,238768,-173173
40.126105859999996,294895,287255,239008,-173218
40.1441849,295288,287580,239308,-173158
40.162263939999995,295587,288034,239644,-173176
40.18034298,295599,287783,239408,-173102
40.198422019999995,295794,287731,239279,-172714
40.21650106,295301,287778,239256,-173007
40.2345801,294837,287525,238753,-173002
40.25265914,294836,287452,238784,-173065
40.27073818,295346,287402,238627,-173238
40.28881722,295473,287594,238349,-173345
40.30689626,295247,287737,238829,-173417
40.3249753,295465,287667,238750,-173270
40.34305434,295799,287594,238469,-173249
40.36113338,295298,287937,238434,-173704
40.37921242,295040,287835,238936,-173921
40.39729146,294558,287770,238916,-174058
40.4153705,294249,287929,238948,-173741
40.43344954,294227,287868,238916,-173534
40.45152858,294610,287734,239411,-173539
40.46960762,294420,287637,239185,-173799
40.48768666,294162,287626,238921,-173400
40.5057657,294001,287242,239173,-173427
40.52384474,293854,287345,239605,-173043
40.54192378,293847,287328,239558,-172704
40.56000282,293735,287455,239813,-172699
40.57808186,293712,287158,239524,-172828
40.5961609,293970,287169,239449,-173029
40.5961609,293260,283650,237228,-173210
40.6142291275,293152,283496,237058,-173190
40.632297355,293095,283404,236990,-173134
40.6503655825,293109,283234,236916,-173168
40.66843381,293087,283229,236804,-173166
40.6865020375,293068,283144,236739,-173227
40.704570265,293170,283073,236818,-173222
40.7226384925,293220,283092,236851,-173205
40.74070672,293322,283066,236768,-173181
40.7587749475,293373,283033,236794,-173142
40.776843175,293590,283068,236737,-173209
40.7949114025,293744,283210,236807,-173180
40.81297963,293820,283228,236839,-173208
40.8310478575,293972,283301,236923,-173166
40.849116085,294148,283437,237016,-173229
40.8671843125,294300,283589,237110,-173176
40.88525254,294426,283651,237158,-173188
40.9033207675,294518,283787,237217,-173225
40.921388995,294671,283942,237303,-173171
40.9394572225,294896,284160,237468,-173144
40.957525450000006,295133,284259,237650,-173149
40.9755936775,295439,284576,237779,-173179
40.993661905,295716,284951,237939,-173228
41.011730132500006,296040,285255,238145,-173205
41.02979836,296362,285531,238351,-173104
41.0478665875,296736,285808,238567,-173132
41.065934815000006,296938,286054,238792,-173170
41.0840030425,297231,286315,238935,-173126
41.10207127,297298,286297,239028,-173136
41.120139497500006,297078,286134,238932,-173146
41.138207725,297346,286520,238916,-173246
41.1562759525,297081,286547,238724,-173126
41.174344180000006,297557,286463,238732,-173398
41.1924124075,297714,286325,238697,-173399
41.210480635,298092,285820,238262,-173663
41.228548862500006,298094,285675,238566,-173316
41.24661709,298108,285994,238274,-173461
41.2646853175,297706,286085,238418,-173915
41.282753545000006,297673,285972,238386,-174152
41.3008217725,297463,285903,238368,-174153
41.31889,297299,286102,238751,-174541
41.31889,293023,281584,235390,-173134
41.336891337500006,292983,281452,235299,-173140
41.354892675,293007,281482,235260,-173128
41.372894012500005,293004,281487,235352,-173170
41.39089535,293080,281585,235278,-173176
41.408896687500004,293181,281593,235311,-173189
41.426898025,293180,281546,235311,-173223
41.4448993625,293071,281535,235277,-173232
41.462900700000006,293087,281437,235291,-173170
41.4809020375,292977,281245,235074,-173180
41.498903375000005,292855,281131,234997,-173123
41.5169047125,292739,281135,234911,-173127
41.534906050000004,292802,281128,234894,-173137
41.5529073875,292916,281280,234911,-173095
41.570908725,293122,281562,235010,-173185
41.588910062500005,293450,281873,235240,-173155
41.6069114,293762,282304,235397,-173105
41.624912737500004,294017,282672,235595,-173132
41.642914075,294219,282887,235642,-173210
41.6609154125,294474,283187,235828,-173174
41.67891675,294589,283356,235997,-173188
41.6969180875,294767,283471,236063,-173111
41.714919425000005,294997,283704,236299,-173056
41.7329207625,295045,283824,236349,-173142
41.750922100000004,295310,283984,236508,-173122
41.7689234375,295511,284208,236606,-173125
41.786924775,295576,284320,236784,-173142
41.804926112500006,295634,284339,236793,-173120
41.82292745,295749,284489,236884,-173177
41.840928787500005,295956,284766,237021,-173199
41.858930125,296128,285052,237153,-173190
41.8769314625,296233,285238,237195,-173215
41.8949328,296192,285172,237109,-173133
41.9129341375,295909,284953,236865,-173187
41.930935475000005,295612,284734,236685,-173170
41.9489368125,295167,284354,236317,-173150
41.966938150000004,294740,284012,236059,-173150
41.9849394875,294251,283566,235759,-173218
42.002940825,293869,283231,235509,-173116
42.0209421625,293450,282841,235331,-173143
42.0389435,293176,282531,235104,-173141
42.0389435,292872,282159,234821,-173070
42.0569404225,292711,282074,234707,-173182
42.074937345,292780,282039,234802,-173143
42.0929342675,292849,282147,234822,-173166
42.11093119,292849,282227,234908,-173159
42.1289281125,292838,282228,234904,-173144
42.146925035,292797,282197,234946,-173132
42.1649219575,292646,282024,234758,-173194
42.18291888,292562,281928,234748,-173178
42.2009158025,292356,281702,234619,-173136
42.218912725,292138,281483,234486,-173182
42.2369096475,292024,281300,234448,-173182
42.25490657,291935,281155,234365,-173160
42.2729034925,291891,281007,234345,-173161
42.290900415,291844,280937,234313,-173158
42.3088973375,291770,280894,234218,-173197
42.32689426,291868,280891,234300,-173214
42.3448911825,291953,280936,234399,-173195
42.362888105,291953,280935,234376,-173233
42.3808850275,291453,280683,234126,-173240
42.39888195,291461,280935,233838,-172856
42.4168788725,291211,280946,233855,-172488
42.434875794999996,291611,281267,233858,-172482
42.4528727175,291733,281483,233634,-172610
42.47086964,291473,281528,233661,-172670
42.4888665625,291408,281144,233408,-172664
42.506863485,291420,281100,233679,-172345
42.5248604075,291413,281068,233648,-172722
42.54285733,291860,281514,233638,-172730
42.5608542525,291644,281857,233316,-172543
42.578851175,291389,281729,233762,-172656
42.5968480975,291402,282177,233465,-172840
42.61484502,291846,282032,233032,-173043
42.6328419425,292055,281896,233109,-173471
42.650838865,291748,282206,233586,-173470
42.6688357875,292167,281801,233839,-173095
42.68683271,292425,281633,234239,-173072
42.7048296325,292391,281311,234460,-173208
42.722826555,291954,281238,234411,-172896
42.7408234775,292176,281132,234400,-172517
42.7588204,292366,281574,234890,-172505
42.7588204,286672,274894,229153,-173165
42.785181535294114,286386,274570,228884,-173208
42.81154267058823,286089,274267,228671,-173179
42.83790380588235,285699,273890,228405,-173174
42.864264941176465,285247,273475,228118,-173179
42.89062607647059,284749,273023,227775,-173139
42.916987211764706,284161,272394,227325,-173172
42.94334834705882,283633,271900,226986,-173178
42.96970948235294,282970,271277,226573,-173238
42.99607061764706,282531,270807,226244,-173166
43.02243175294117,282175,270416,225853,-173225
43.04879288823529,281712,270086,225542,-173212
43.07515402352941,280186,268310,224460,-173512
43.10151515882353,280190,269821,225416,-173557
43.12787629411765,278892,271294,223544,-173813
43.154237429411765,278314,273204,223803,-174467
43.18059856470588,279606,273103,222541,-175791
43.2069597,280493,273103,221844,-173881
43.233320835294116,280752,271877,222529,-173870
43.25968197058823,281534,271810,220538,-171982
43.28604310588235,280977,270587,219749,-171758
43.312404241176466,280786,270425,219543,-171778
43.33876537647059,280540,270263,219347,-171715
43.36512651176471,280179,269873,219057,-171715
43.391487647058824,279624,269369,218578,-171681
43.41784878235294,278843,268652,217990,-171660
43.44420991764706,278035,267682,217262,-171694
43.470571052941175,277132,266737,216487,-171694
43.49693218823529,276291,265933,215693,-171680
43.52329332352941,275387,265076,214929,-171736
43.54965445882353,274643,264301,214212,-171741
43.57601559411765,273942,263584,213416,-171795
43.602376729411766,273379,262993,212758,-171782
43.62873786470588,272880,262441,212201,-171714
43.655099,272445,261938,211713,-171751
43.655099,270195,259137,215317,-173163
43.66944623,270004,258780,215007,-173149
43.68379346,269744,258537,214642,-173197
43.69814069,269604,258348,214433,-173199
43.71248792,269305,257964,214045,-173180
43.72683515,269079,257750,213813,-173147
43.74118238,268813,257502,213489,-173136
43.75552961,268508,257276,213240,-173138
43.76987684,268175,257009,212902,-173181
43.78422407,267975,256841,212668,-173164
43.7985713,267816,256639,212464,-173128
43.81291853,267636,256507,212204,-173099
43.82726576,267540,256351,212054,-173143
43.84161299,267445,256257,211931,-173196
43.85596022,267393,256249,211790,-173144
43.87030745,267417,256201,211655,-173130
43.884654680000004,267373,256379,211613,-173176
43.89900191,267391,256490,211633,-173208
43.91334914,267465,256689,211636,-173204
43.92769637,267587,256873,211745,-173141
43.942043600000005,267678,256984,211823,-173184
43.956390830000004,267776,257136,211869,-173183
43.97073806,267856,257317,211919,-173187
43.98508529,267842,257396,211971,-173228
43.99943252,267804,257340,211801,-173146
44.013779750000005,267511,257187,211660,-173123
44.02812698,267011,256805,211626,-173229
44.04247421,266635,256568,211961,-173303
44.05682144,266601,256454,211999,-173179
44.071168670000006,266166,256507,211704,-173186
44.085515900000004,266303,256610,211829,-173644
44.09986313,266048,256411,212157,-174061
44.11421036,266061,256603,212365,-174208
44.12855759,266507,256470,211980,-173771
44.142904820000005,266727,256333,211970,-174240
44.157252050000004,266388,256133,211685,-174236
44.17159928,265907,256564,211235,-173860
44.18594651,265650,256453,210869,-174013
44.200293740000006,266112,256069,210917,-174389
44.214640970000005,265934,255671,210795,-174422
44.2289882,266336,255862,210794,-174403
44.2289882,259945,250965,205669,-173165
44.2490913625,259710,250945,205569,-173185
44.269194525,259637,250888,205503,-173173
44.2892976875,259480,250740,205395,-173173
44.30940085,259340,250695,205281,-173146
44.3295040125,259235,250526,205117,-173163
44.349607175,259067,250402,205005,-173160
44.3697103375,258971,250306,204862,-173219
44.3898135,258910,250266,204724,-173159
44.4099166625,258773,250202,204705,-173048
44.430019825,258744,250151,204568,-173119
44.4501229875,258686,250201,204499,-173167
44.47022615,258694,250301,204508,-173172
44.4903293125,258691,250280,204455,-173196
44.510432475,258699,250361,204509,-173191
44.5305356375,258718,250416,204459,-173154
44.5506388,258784,250491,204442,-173161
44.5707419625,258796,250048,203931,-173132
44.590845125,258818,250268,204379,-173451
44.6109482875,258567,250273,204345,-173204
44.63105145,258487,250210,204347,-173209
44.6511546125,258606,249866,204555,-173017
44.671257775,258606,249890,204706,-172749
44.6913609375,258958,249953,204718,-172701
44.7114641,259064,250177,204494,-173151
44.7315672625,259316,250140,204506,-173035
44.751670425,259059,250265,205008,-173026
44.7717735875,258592,250560,205278,-173160
44.79187675,258589,250391,205732,-172981
44.8119799125,258331,250774,205687,-173160
44.832083075,258781,250605,205270,-172788
44.8521862375,259254,250451,205311,-172800
44.8722894,258914,250311,205012,-172807
44.8923925625,259322,250790,204945,-173263
44.912495725,259326,250618,205313,-173392
44.9325988875,259259,250360,205021,-173517
44.95270205,258751,250307,205084,-173972
44.9728052125,258466,250211,205154,-173616
44.992908375,258624,249950,205132,-173615
45.0130115375,258260,249781,204794,-174069
45.0331147,257750,249722,204515,-173846
45.0331147,252158,244774,198763,-173149
45.040758724999996,252019,244639,198620,-173069
45.04840275,251964,244578,198557,-173165
45.056046775,251931,244599,198430,-173162
45.063690799999996,251900,244689,198335,-173173
45.071334825,251923,244627,198326,-173218
45.07897885,251888,244580,198260,-173202
45.086622874999996,251888,244596,198193,-173179
45.0942669,251907,244660,198150,-173160
45.101910925,251919,244746,198177,-173211
45.10955495,251989,244792,198200,-173240
45.117198975,252042,244908,198209,-173209
45.124843,252099,245037,198238,-173189
45.132487025,252257,245237,198324,-173157
45.14013105,252343,245439,198395,-173206
45.147775075,252420,245591,198440,-173189
45.1554191,252621,245746,198586,-173202
45.163063125,252838,245968,198748,-173128
45.17070715,252991,246229,198822,-173225
45.178351175,253259,246448,199034,-173171
45.1859952,253441,246729,199193,-173144
45.193639225,253662,246934,199284,-173132
45.20128325,253891,247227,199430,-173142
45.208927275,254183,247494,199657,-173182
45.2165713,254450,247805,199827,-173198
45.224215325,254713,248031,199992,-173181
45.23185935,254907,248315,200172,-173146
45.239503375,255074,248479,200242,-173138
45.2471474,254914,248400,200114,-173142
45.254791425,254610,248098,199949,-173112
45.26243545,254878,247780,200439,-173219
45.270079475,254478,247659,200406,-173228
45.2777235,254960,247558,200424,-173008
45.285367525000005,255182,247677,200145,-173029
45.29301155,255681,247824,200271,-172651
45.300655575,255171,247734,199808,-172936
45.308299600000005,255521,247990,199531,-173039
45.315943625,255135,247901,199834,-172723
45.32358765,255377,247848,199805,-172836
45.331231675000005,255151,248163,199536,-172815
45.3388757,254988,248502,199823,-172306
45.3388757,251272,244539,196949,-173159
45.36648413,251232,244547,196907,-173174
45.394092560000004,251284,244554,196876,-173177
45.421700990000005,251386,244640,196867,-173204
45.449309420000006,251334,244688,196844,-173229
45.47691785,251495,244804,196989,-173205
45.50452628,251549,244863,197047,-173163
45.53213471,251664,245020,197018,-173162
45.55974314,251686,245103,197092,-173205
45.58735157,251685,245090,197098,-173207
45.61496,251743,245229,197131,-173187
45.642568430000004,251884,245359,197193,-173173
45.67017686,252052,245581,197262,-173167
45.69778529,252141,245712,197320,-173141
45.72539372,252382,245939,197516,-173162
45.75300215,252499,246230,197648,-173146
45.78061058,252683,246497,197771,-173140
45.80821901,252870,246749,197894,-173183
45.83582744,253193,247016,198023,-173207
45.86343587,253451,247348,198183,-173216
45.891044300000004,253750,247623,198357,-173223
45.91865273,254016,247999,198552,-173179
45.94626116,254290,248312,198818,-173148
45.97386959,254629,248687,199012,-173137
46.00147802,254974,248968,199293,-173157
46.02908645,255336,249303,199530,-173153
46.05669488,255626,249676,199845,-173153
46.08430331,255939,250103,199979,-173180
46.11191174,256291,250450,200247,-173150
46.13952017,256597,250735,200519,-173209
46.1671286,256650,250857,200589,-173225
46.19473703,256664,250824,200594,-173198
46.22234546,256439,250653,200435,-173233
46.24995389,256201,250457,200427,-173171
46.27756232,255853,250221,200228,-173209
46.30517075,255498,250027,200151,-173182
46.33277918,255055,249897,199985,-173176
46.36038761,254817,249876,200014,-173185
46.38799604,254538,249863,199990,-173183
46.41560447,254430,249999,200041,-173185
46.4432129,254353,250223,200181,-173196
46.4432129,254277,250436,200444,-173158
46.453710690625,254239,250742,200614,-173218
46.46420848125,254327,251117,200846,-173199
46.474706271875,254645,251424,201064,-173167
46.4852040625,254921,251918,201300,-173215
46.495701853125,255231,252292,201585,-173190
46.50619964375,255574,252723,201879,-173238
46.516697434375,256007,253084,202071,-173156
46.527195225,256463,253371,202142,-173178
46.537693015625,257013,253774,202256,-173174
46.54819080625,257337,254004,202285,-173149
46.558688596875,257649,254259,202381,-173192
46.5691863875,258017,254544,202520,-173172
46.579684178125,258367,254794,202671,-173175
46.59018196875,258677,255019,202739,-173217
46.600679759375,259080,255384,202993,-173168
46.61117755,259457,255641,203202,-173115
46.621675340625,259891,255995,203479,-173175
46.63217313125,260229,256385,203686,-173133
46.642670921875,260578,256673,203875,-173181
46.653168712500005,260844,257698,205272,-175037
46.663666503125,262885,256632,204732,-175129
46.67416429375,263289,256987,206730,-176489
46.684662084375,264738,256253,207508,-178260
46.695159875,264423,256153,205831,-177151
46.705657665625004,264629,254105,207292,-178898
46.71615545625,264633,255734,208018,-178749
46.726653246875,266015,256328,206236,-177151
46.7371510375,267668,255634,207519,-175972
46.747648828125,267833,255451,208816,-175382
46.758146618750004,265993,254411,209116,-177260
46.768644409375,267275,252561,210924,-177076
46.7791422,268385,251282,210222,-177333
46.7791422,265494,261016,207386,-173153
46.7993188275,265614,261069,207521,-173178
46.819495455,265800,261240,207627,-173109
46.8396720825,265921,261347,207738,-173163
46.85984871,266213,261521,207936,-173192
46.8800253375,266413,261856,208085,-173202
46.900201965,266695,262104,208299,-173158
46.9203785925,267040,262312,208510,-173157
46.94055522,267310,262667,208711,-173168
46.9607318475,267597,262963,208992,-173188
46.980908475,267896,263271,209348,-173145
47.0010851025,268121,263499,209614,-173154
47.02126173,268420,263776,209831,-173167
47.0414383575,268176,263589,209595,-173069
47.061614985,268374,263593,209083,-172681
47.0817916125,268649,263662,209067,-172658
47.10196824,268970,264052,208830,-172655
47.1221448675,269284,263924,208959,-172587
47.142321495,269030,263989,209439,-172303
47.1624981225,269383,263605,209715,-172190
47.182674750000004,269667,263629,209459,-171994
47.202851377500004,269693,263687,209416,-171667
47.223028005,269790,264143,208934,-171662
47.2432046325,270060,264455,209432,-171913
47.26338126,270312,264537,209008,-171441
47.2835578875,270617,264281,209285,-171321
47.303734515,270929,264341,209589,-171251
47.3239111425,271219,264449,209561,-171048
47.34408777,271316,264523,209584,-171049
47.3642643975,271653,264619,209170,-170851
47.384441025,271400,264716,208753,-170467
47.4046176525,270905,264715,208260,-170314
47.42479428,271329,264879,207764,-170117
47.4449709075,271112,265003,207730,-170482
47.465147535,271097,264755,208019,-170475
47.4853241625,271473,264879,208021,-170533
47.50550079,271471,264980,207618,-170325
47.5256774175,271265,264852,207889,-170198
47.545854045,271660,264380,207968,-170577
47.5660306725,271947,264489,207995,-170641
47.5862073,271883,264302,208018,-170630
47.5862073,276270,276076,218870,-173046
47.60277514,276519,276443,219179,-173137
47.61934298,276731,276797,219536,-173153
47.63591082,276920,277156,219864,-173204
47.65247866,277180,277575,220261,-173117
47.6690465,277566,277968,220569,-173147
47.68561434,277834,278388,220960,-173181
47.70218218,278121,278763,221356,-173145
47.71875002,278484,279244,221807,-173132
47.73531786,278746,279657,222172,-173103
47.7518857,279096,280002,222531,-173121
47.768453539999996,279483,280362,222841,-173182
47.785021379999996,279862,280622,223096,-173149
47.80158922,280128,280872,223376,-173180
47.81815706,280458,281147,223633,-173211
47.8347249,280715,281420,223869,-173228
47.85129274,281053,281672,224209,-173199
47.86786058,281352,281891,224423,-173207
47.88442842,281628,282227,224679,-173168
47.90099626,281976,282477,224919,-173171
47.9175641,282261,282770,225167,-173143
47.93413194,282624,283011,225415,-173172
47.95069978,282868,283309,225639,-173168
47.96726762,283158,283494,225864,-173195
47.98383546,283515,283820,226126,-173175
48.0004033,283785,284003,226250,-173211
48.01697114,284143,284337,226419,-173235
48.03353898,284440,284607,226612,-173120
48.05010682,284777,284896,226841,-173117
48.066674660000004,285095,285217,227014,-173143
48.083242500000004,285481,285373,227151,-173154
48.09981034,285769,285617,227404,-173183
48.11637818,286060,285902,227588,-173163
48.13294602,286297,286148,227771,-173238
48.14951386,286556,286261,227867,-173225
48.1660817,286724,286342,228018,-173244
48.18264954,286890,286430,228036,-173225
48.19921738,286897,286342,228097,-173205
48.21578522,286865,286298,228243,-173181
48.23235306,286775,286187,228371,-173185
48.2489209,286814,286133,228570,-173125
48.2489209,286988,286278,228888,-173199
48.26902989,287306,286527,229042,-173212
48.28913888,287625,286742,229153,-173187
48.30924787,288126,287025,229304,-173123
48.329356860000004,288618,287244,229342,-173177
48.34946585,289036,287421,229282,-173192
48.36957484,289376,287508,229230,-173200
48.38968383,289613,287644,229273,-173127
48.40979282,289862,287796,229325,-173096
48.429901810000004,290154,287806,229406,-173176
48.4500108,290432,287907,229579,-173160
48.47011979,290748,287978,229704,-173187
48.49022878,291037,288086,229875,-173167
48.51033777,291288,288187,230131,-173184
48.530446760000004,291652,288307,230427,-173170
48.55055575,291152,288312,229927,-173139
48.57066474,291462,288152,229574,-173517
48.59077373,291735,288203,229626,-173485
48.61088272,291912,288275,229140,-173489
48.63099171,292147,288259,229349,-173736
48.6511007,292148,288301,229564,-173400
48.67120969,292198,288749,229836,-173384
48.69131868,291694,288609,229419,-173696
48.71142767,291701,288672,229406,-173237
48.73153666,291543,288928,229162,-173234
48.75164565,291288,289208,229482,-173552
48.77175464,291289,289414,229592,-173468
48.79186363,291082,289222,229376,-173446
48.81197262,291020,289101,229071,-172988
48.83208161,290509,289069,229079,-172560
48.8521906,290558,289322,229333,-172571
48.87229959,290911,289674,229716,-172827
48.89240858,290913,289750,229657,-173000
48.91251757,290497,289558,229160,-173057
48.93262656,290718,289522,229383,-173503
48.95273555,290449,289597,229434,-173619
48.97284454,290737,289853,228954,-173611
48.99295353,290889,289633,228729,-173860
49.01306252,290635,289727,228721,-174169
49.03317151,290140,289278,228991,-174147
49.0532805,289713,289242,229182,-173823
49.0532805,300255,289821,237320,-172957
49.07286108823529,300553,289893,237722,-172993
49.092441676470585,300799,289997,238116,-172914
49.112022264705885,301113,290120,238419,-172992
49.13160285294118,301523,290237,238817,-173019
49.15118344117647,302094,290589,239248,-172961
49.170764029411764,302814,290860,239485,-172918
49.19034461764706,303529,291083,239686,-172912
49.20992520588235,304272,291357,239941,-172959
49.22950579411765,305224,291940,240282,-172937
49.24908638235294,306347,292175,240652,-172802
49.268666970588235,307358,292527,241161,-172869
49.28824755882353,308339,292973,241695,-172871
49.30782814705882,309201,293713,242285,-172885
49.327408735294114,309953,293918,242879,-172920
49.346989323529414,310670,294165,243530,-172932
49.36656991176471,311271,294526,244261,-172935
49.3861505,311904,294803,244946,-172923
49.40573108823529,312937,295107,245761,-172924
49.425311676470585,313304,295462,246693,-172916
49.444892264705885,313698,295799,247469,-172905
49.46447285294118,314193,296107,248303,-172898
49.48405344117647,314653,296510,249048,-172899
49.503634029411764,315297,297098,250012,-172605
49.52321461764706,315948,297771,250979,-172741
49.54279520588235,316789,298553,251970,-172839
49.56237579411765,317686,299404,252775,-172895
49.58195638235294,318467,300116,253074,-172850
49.601536970588235,319099,300647,253168,-172838
49.62111755882353,319585,301262,253036,-172831
49.64069814705882,319916,301804,252816,-172876
49.66027873529411,320304,302443,252583,-172842
49.67985932352941,320457,302917,252180,-172902
49.699439911764706,320531,303306,251944,-172920
49.7190205,320613,303580,251692,-172933
49.7190205,320589,303824,251595,-172974
49.73026425,320417,304050,251382,-172961
49.741507999999996,320316,304285,251294,-172965
49.75275175,319987,304276,251184,-172774
49.7639955,319604,304169,251054,-172903
49.77523925,319585,304253,251066,-172958
49.786483,319709,304370,251204,-172966
49.79772675,319743,304639,251528,-172995
49.8089705,319834,304763,252157,-172993
49.82021425,320025,304972,252834,-172850
49.831458,320325,305154,253119,-172906
49.842701749999996,320573,305494,253447,-172988
49.8539455,320875,305879,253813,-172959
49.86518925,321067,306153,254309,-172994
49.876433,321347,306601,254985,-172982
49.88767675,321669,306884,255658,-172944
49.8989205,322080,307517,256240,-172993
49.91016425,322539,308427,256723,-172978
49.921408,323058,309464,257776,-172976
49.93265175,323563,310610,259105,-172932
49.943895499999996,323844,311720,259473,-172945
49.95513925,323750,312731,259325,-172886
49.966383,323368,313483,258584,-172968
49.97762675,321336,313387,259603,-172950
49.9888705,319525,313658,261139,-173072
50.000114249999996,319071,312729,260361,-173072
50.011358,320277,311496,261125,-173311
50.02260175,320280,312936,260602,-173350
50.0338455,320761,313847,262394,-173458
50.04508925,320917,315287,262643,-173457
50.056333,319830,314822,261620,-173503
50.06757675,319802,313125,260847,-173486
50.0788205,319273,314724,259823,-173537
50.0788205,310211,313657,245061,-172891
50.1100667,311824,314937,248800,-172935
50.1413129,314548,316391,255359,-172886
50.1725591,317285,317630,261477,-172944
50.2038053,319236,318516,265195,-173016
50.2350515,320467,319047,267493,-173011
50.266297699999996,321441,319422,269036,-172990
50.2975439,322221,319761,270164,-173017
50.3287901,322987,320076,270857,-173060
50.3600363,323733,320260,271331,-173021
50.3912825,324080,320309,271666,-173034
50.4225287,324566,320334,271778,-173026
50.4537749,325289,320344,271483,-173021
50.4850211,325501,320148,271007,-173011
50.516267299999996,325306,319754,270540,-172899
50.5475135,325066,319421,270029,-172939
50.5787597,324678,319072,269623,-173004
50.6100059,324428,318739,269183,-172987
50.6412521,324233,318429,268861,-172958
50.6724983,323941,318156,268533,-172971
50.7037445,323875,318058,268366,-173014
50.7349907,323529,317597,268354,-173010
50.766236899999996,324821,337801,254768,-173250
50.7974831,345135,347255,256657,-197804
50.8287293,346919,346280,224227,-166060
50.8287293,324224,317131,269860,-172983
50.851232028125,324706,317487,269921,-173025
50.87373475625,325323,317896,269864,-172975
50.896237484375,325791,318193,269749,-173009
50.9187402125,325618,318124,269726,-172954
50.941242940625,324720,317835,269916,-173004
50.96374566875,323992,317794,270104,-172992
50.986248396875,324270,318559,270455,-172936
51.008751125,325482,319189,270687,-172331
51.031253853125,326623,319811,270782,-172715
51.05375658125,327369,320021,270769,-172861
51.076259309375,327789,320114,270561,-173029
51.0987620375,328060,320131,270383,-172997
51.121264765625,328294,320083,270436,-173009
51.14376749375,328495,320044,270134,-173059
51.166270221875,330297,318445,269986,-173369
51.18877295,330794,317760,268290,-173446
51.211275678125,332236,319060,266558,-175013
51.23377840625,332368,317988,265269,-173727
51.256281134375,331823,318035,263255,-173236
51.2787838625,332005,318323,263023,-173366
51.301286590625004,331737,316450,264380,-173411
51.32378931875,330403,318418,263971,-173860
51.346292046875,329049,317931,263198,-172138
51.368794775,330115,317949,263141,-173253
51.391297503125,328687,316588,261837,-171256
51.41380023125,327657,315439,262265,-171128
51.436302959375,327829,316758,263733,-172696
51.4588056875,328752,314800,265528,-173928
51.481308415625,329438,314556,265226,-172728
51.50381114375,328337,316268,264445,-173988
51.526313871875004,327556,316266,265417,-173840
51.5488166,329522,315204,266687,-172751
51.5488166,327575,316660,266205,-173131
51.56742466,327179,316347,265871,-173157
51.58603272,326771,315988,265714,-173151
51.604640780000004,326340,315676,265481,-173128
51.62324884,326052,315371,265234,-173104
51.6418569,325836,315181,265094,-173103
51.66046496,325694,314943,264981,-173096
51.679073020000004,325460,314926,264998,-173153
51.69768108,325378,314855,264918,-173111
51.71628914,325335,314889,264906,-173141
51.7348972,325281,314973,265018,-173113
51.75350526,325183,314978,264957,-173137
51.77211332,325112,315066,265041,-173158
51.79072138,325060,315134,265090,-173159
51.80932944,324939,315212,265160,-173182
51.8279375,324842,315157,265087,-173134
51.84654556,324741,315258,265171,-173171
51.86515362,324753,315711,265429,-173156
51.88376168,324846,315799,265173,-172711
51.90236974,324334,315791,265157,-172736
51.9209778,324845,315663,265157,-172738
51.93958586,324776,315870,265509,-172547
51.95819392,325033,315848,265307,-173024
51.97680198,325352,316359,265543,-173062
51.995410039999996,325133,316522,265511,-172813
52.0140181,324848,316433,265496,-172990
52.03262616,324941,316424,265726,-172991
52.05123422,325317,315955,265579,-172936
52.069842279999996,325316,315806,265908,-172969
52.08845034,325393,315487,265872,-173128
52.1070584,325875,315250,266079,-172817
52.12566646,325582,315140,266129,-173081
52.144274519999996,325883,315003,265844,-173099
52.162882579999994,325425,314962,265681,-172721
52.18149064,325684,314853,265207,-173006
52.2000987,325362,314468,264928,-173092
52.218706759999996,325057,314867,265120,-172650
52.237314819999995,325037,314806,265059,-172487
52.25592288,324764,314992,265302,-172475
52.27453094,324511,314903,265668,-172543
52.293139,324508,314833,265395,-172260
52.293139,317724,308166,259668,-173104
52.3015274375,317464,307938,259450,-173182
52.309915874999994,317168,307546,259196,-173228
52.3183043125,316966,307319,259070,-173143
52.32669275,316758,307028,258863,-173207
52.335081187499995,316530,306808,258607,-173139
52.343469625,316280,306471,258384,-173260
52.3518580625,316156,306386,258333,-173198
52.360246499999995,315906,306233,258113,-173204
52.3686349375,315834,306046,257991,-173121
52.37702337499999,315557,305909,257760,-173160
52.385411812499996,315384,305728,257599,-173117
52.39380025,315185,305586,257459,-173172
52.402188687499994,315025,305505,257349,-173193
52.410577124999996,314852,305406,257253,-173153
52.4189655625,314656,305387,257106,-173179
52.427353999999994,314581,305214,257010,-173125
52.4357424375,314425,305136,256978,-173165
52.444130875,314292,305063,256758,-173144
52.452519312499994,314235,305070,256716,-173154
52.46090775,313735,304882,256450,-173204
52.4692961875,313577,304697,256033,-173017
52.477684624999995,313306,304635,256057,-172929
52.4860730625,313400,304694,256550,-172929
52.4944615,313845,304681,256179,-173129
52.502849937499995,314098,304528,256432,-173606
52.511238375,313888,304657,256636,-173782
52.5196268125,314269,304404,256923,-173347
52.528015249999996,314475,304280,256917,-173060
52.5364036875,313992,304075,257389,-173067
52.544792125,314147,304022,257769,-172565
52.553180562499996,313891,303848,258055,-172398
52.561569,313825,303719,257757,-172558
52.569957437499994,314314,303734,257693,-173016
52.578345875,314022,303605,257774,-173080
52.5867343125,314323,303468,258257,-173082
52.595122749999994,313932,303091,258463,-173152
52.6035111875,313671,303012,258035,-173557
52.611899625,313733,302692,258526,-173644
52.620288062499995,313368,302947,259022,-173586
52.6286765,313603,302876,258961,-173499
52.6286765,304534,295301,248943,-173162
52.6474352375,304188,294845,248711,-173173
52.666193975,303875,294547,248472,-173151
52.6849527125,303561,294328,248191,-173162
52.70371145,303254,294009,247959,-173140
52.7224701875,302984,293699,247731,-173116
52.741228925,302740,293432,247526,-173141
52.759987662499995,302501,293249,247382,-173172
52.778746399999996,302230,293037,247125,-173232
52.797505137499996,302200,292992,247062,-173159
52.816263875,302014,292913,246912,-173183
52.8350226125,301926,292837,246902,-173187
52.85378135,301767,292822,246878,-173207
52.8725400875,301788,292765,246811,-173080
52.891298825,301730,292770,246700,-173159
52.9100575625,301642,292792,246713,-173125
52.9288163,301543,292907,246719,-173178
52.9475750375,301535,292989,246692,-173167
52.966333775,301600,293070,246740,-173085
52.9850925125,301589,293129,246771,-173125
53.00385125,301583,293089,246781,-173189
53.0226099875,301475,293008,246762,-173162
53.041368725,301487,292756,247250,-173243
53.0601274625,301290,292603,246849,-173059
53.0788862,301006,292522,246890,-172767
53.0976449375,301243,292831,247373,-172764
53.116403675,301510,292502,247097,-172966
53.1351624125,301251,292306,247219,-172539
53.15392115,300832,292242,246905,-172729
53.1726798875,301220,292293,247225,-172806
53.191438625,301163,292109,247144,-172655
53.210197362500004,300920,291649,247362,-172641
53.228956100000005,301317,291252,247679,-173033
53.247714837500006,301571,291111,248063,-173322
53.266473575,301488,290726,248545,-173447
53.2852323125,301013,290713,248288,-173518
53.30399105,301504,290613,248309,-173722
53.3227497875,301518,290416,248296,-173719
53.341508525,301381,290775,247991,-173980
53.3602672625,301121,290726,247866,-173553
53.379026,301504,290279,247850,-173594
53.379026,292729,284415,239701,-173164
53.3976503175,292482,284213,239611,-173155
53.416274635,292173,283975,239425,-173138
53.434898952500006,291943,283729,239252,-173168
53.453523270000005,291595,283419,239069,-173156
53.472147587500004,291355,283098,238833,-173189
53.490771905,291139,282880,238633,-173162
53.5093962225,290974,282768,238467,-173105
53.52802054,290713,282541,238283,-173207
53.546644857500006,290588,282381,238186,-173122
53.565269175000005,290355,282237,237949,-173221
53.5838934925,290319,282171,237865,-173198
53.60251781,290160,282065,237808,-173191
53.6211421275,290042,282034,237708,-173160
53.639766445,289798,281527,238214,-173148
53.658390762500005,289730,281526,238165,-172765
53.677015080000004,289228,281530,238146,-173146
53.6956393975,289419,281402,238406,-173141
53.714263715,289420,281766,238406,-173397
53.7328880325,289419,281754,238553,-173205
53.75151235,289467,281498,238300,-173170
53.770136667500005,289559,281418,238331,-172851
53.788760985,289811,281411,238333,-172643
53.8073853025,290258,281920,238833,-172640
53.82600962,289821,281839,238334,-172263
53.8446339375,289819,281688,238798,-172004
53.863258255000005,289321,281305,239262,-172199
53.881882572500004,289740,281188,238909,-172276
53.90050689,289686,281018,238886,-172557
53.9191312075,289906,280811,238581,-172548
53.937755525,290150,280854,239090,-172752
53.9563798425,290654,280661,239405,-173121
53.975004160000005,290395,280405,239619,-173278
53.9936284775,290904,280564,239715,-173159
54.012252795,290867,280436,239680,-172912
54.0308771125,291265,280622,239657,-172908
54.04950143,290909,280173,239447,-172977
54.0681257475,291419,280106,239192,-173126
54.086750065000004,291289,280042,239684,-173187
54.1053743825,290979,279717,239859,-173064
54.1239987,290706,279656,239847,-173001
54.1239987,281139,273936,230311,-173185
54.1419791175,280689,273629,230081,-173171
54.159959535,280442,273354,229775,-173113
54.177939952500004,280171,273073,229473,-173157
54.19592037,279794,272778,229268,-173158
54.2139007875,279588,272451,229020,-173128
54.231881205,279233,272217,228771,-173139
54.2498616225,278989,271955,228473,-173150
54.26784204,278815,271745,228306,-173181
54.285822457500004,278609,271524,228078,-173175
54.303802875,278506,271476,227956,-173171
54.3217832925,278284,271385,227850,-173146
54.33976371,278154,271380,227714,-173166
54.3577441275,278110,271299,227538,-173184
54.375724545,278026,271333,227444,-173161
54.3937049625,278016,271381,227477,-173147
54.41168538,278000,271452,227465,-173138
54.4296657975,278012,271009,227210,-173139
54.447646215,278001,270692,227449,-173075
54.4656266325,277492,270702,227488,-173071
54.48360705,276980,271087,227229,-173075
54.5015874675,276946,271038,227036,-173332
54.519567885,276952,270962,226812,-173621
54.5375483025,276966,270577,226533,-173734
54.55552872,276628,270556,226100,-173554
54.5735091375,276329,270397,226092,-173675
54.591489555,276661,270000,226049,-173654
54.6094699725,276732,270199,226157,-173986
54.62745039,276728,269973,226251,-173719
54.6454308075,276901,269525,226706,-173928
54.663411225,277199,269456,226337,-174197
54.681391642499996,277144,269269,226345,-174041
54.69937206,276981,269322,226308,-174044
54.7173524775,277372,269213,226225,-173669
54.735332895,277627,269083,225749,-173566
54.7533133125,277321,268762,226235,-173662
54.77129373,276949,268833,226075,-173861
54.789274147499995,276674,268750,226008,-173670
54.807254565,276337,268618,226250,-173671
54.8252349825,276153,268129,226633,-173610
54.8432154,275899,268069,226467,-173371
54.8432154,268715,262865,219467,-173180
54.8613579975,268514,262804,219315,-173194
54.879500594999996,268301,262704,219129,-173156
54.8976431925,268112,262566,218964,-173136
54.91578579,267919,262364,218805,-173155
54.933928387499996,267772,262228,218625,-173178
54.952070985,267662,262029,218414,-173166
54.9702135825,267422,261915,218316,-173146
54.98835618,267255,261804,218081,-173235
55.0064987775,267206,261734,217943,-173207
55.024641375,267128,261702,217832,-173149
55.0427839725,267072,261656,217749,-173140
55.06092657,266955,261521,217487,-173174
55.079069167499995,266901,261353,217402,-173238
55.097211765,266861,261309,217250,-173166
55.1153543625,266762,261279,217142,-173204
55.133496959999995,266763,261358,217075,-173137
55.1516395575,266747,261292,216951,-173132
55.169782155,266678,261304,216895,-173163
55.187924752499995,266618,261283,216713,-173121
55.20606735,266118,261029,216945,-173201
55.2242099475,265833,261060,217233,-173401
55.242352544999996,266319,260965,217209,-173806
55.2604951425,266092,260826,217686,-173808
55.27863774,266271,260333,217842,-173435
55.296780337499996,266528,260088,217981,-173432
55.314922935,266317,259576,218436,-173642
55.3330655325,266525,259223,218419,-173207
55.351208129999996,266219,259041,218431,-173059
55.3693507275,265944,258710,218395,-173069
55.387493324999994,266452,258677,218024,-173525
55.4056359225,266963,258572,217841,-174030
55.42377852,266513,258188,217985,-174262
55.441921117499994,266355,258118,217891,-173971
55.460063715,265970,258557,217962,-174419
55.4782063125,265817,259040,218197,-174931
55.496348909999995,265864,258696,218284,-175255
55.5144915075,265883,258448,217911,-175556
55.532634105,265938,257976,217770,-175933
55.550776702499995,265577,257619,217897,-176065
55.5689193,265852,257743,218009,-175861
55.5689193,258603,254504,209921,-173160
55.587523675,258484,254398,209808,-173206
55.606128049999995,258375,254337,209703,-173188
55.624732425,258282,254328,209725,-173194
55.6433368,258173,254341,209707,-173234
55.661941174999995,258203,254507,209767,-173176
55.68054555,258307,254614,209767,-173209
55.699149925,258428,254806,209846,-173175
55.717754299999996,258510,255011,209981,-173164
55.736358675,258660,255227,210067,-173187
55.75496305,258890,255590,210296,-173115
55.773567424999996,258902,255787,210046,-173062
55.7921718,259017,255559,210093,-172610
55.810776175,258782,255594,210105,-172938
55.829380549999996,258830,255342,210116,-172934
55.847984925,259032,255354,209621,-173187
55.8665893,259541,255394,209892,-173279
55.885193675,259477,255842,209386,-173239
55.90379805,259574,255906,209482,-173561
55.922402425,260084,255913,209377,-173810
55.9410068,260498,256357,209106,-173818
55.959611175,260057,256700,209120,-173630
55.97821555,260317,256564,208621,-173283
55.996819925000004,260235,257012,208326,-173447
56.0154243,259740,256883,208373,-173906
56.034028675,260212,256761,208346,-174327
56.052633050000004,260065,256431,208574,-174331
56.071237425,259633,255982,208668,-174336
56.0898418,259638,255880,208306,-174437
56.108446175000005,259156,256199,208286,-174520
56.12705055,258906,256118,208077,-174011
56.145654925,258894,256069,208048,-173980
56.164259300000005,258605,256002,208042,-173984
56.182863675,258611,255754,207721,-173664
56.20146805,259122,255745,207738,-173992
56.220072425000005,259073,255361,207834,-174296
56.2386768,259284,255085,207649,-174041
56.257281175,259400,255081,207620,-174430
56.275885550000005,259099,254900,207743,-174750
56.294489925,259058,254487,207858,-175062
56.3130943,258761,254394,207813,-175143
56.3130943,254615,252487,207570,-173157
56.3319748075,254602,252525,207509,-173196
56.350855315000004,254607,252616,207576,-173181
56.369735822500004,254693,252819,207682,-173123
56.388616330000005,254791,252917,207704,-173153
56.407496837500005,254949,253068,207822,-173099
56.426377345000006,255002,253231,207882,-173178
56.4452578525,255249,253478,207984,-173174
56.46413836,255401,253695,208153,-173189
56.4830188675,255637,254021,208292,-173233
56.501899375,255827,254347,208503,-173194
56.5207798825,256057,254680,208709,-173146
56.53966039,256329,255039,208917,-173170
56.5585408975,256586,255303,209171,-173162
56.577421405,256598,254924,209185,-173092
56.5963019125,256785,255060,209105,-172708
56.615182420000004,256787,255060,209044,-172441
56.634062927500004,256482,254609,209553,-172442
56.652943435000005,256149,254160,209967,-172830
56.671823942500005,256150,254029,210469,-172663
56.69070445,255956,253773,210688,-172826
56.7095849575,255549,253732,210559,-172389
56.728465465,255251,253623,210521,-172602
56.7473459725,254912,253356,210746,-172602
56.76622648,255350,253831,210759,-172866
56.7851069875,255349,253731,210258,-173235
56.803987495,255155,253411,210230,-173342
56.8228680025,254753,253166,210133,-173795
56.84174851,254982,253087,210114,-173768
56.8606290175,254821,253594,210609,-173773
56.879509525,254731,253901,210208,-174161
56.898390032500004,254734,253858,210012,-173922
56.917270540000004,255213,254306,209750,-173961
56.936151047500005,255002,254113,209957,-173834
56.955031555,255246,254075,209968,-173838
56.9739120625,255485,254073,209703,-173829
56.99279257,255374,254352,209366,-173449
57.0116730775,255626,254352,209288,-173098
57.030553585,255241,253968,209336,-173126
57.0494340925,255032,254475,209391,-173210
57.0683146,255207,254199,209170,-173279
57.0683146,251532,249256,203891,-173217
57.086183930000004,251596,249233,203816,-173204
57.10405326,251734,249419,203881,-173133
57.12192259,251856,249497,203892,-173188
57.13979192,251987,249566,203899,-173119
57.157661250000004,252048,249634,203899,-173196
57.17553058,252085,249670,203860,-173223
57.19339991,252234,249821,203938,-173191
57.21126924,252284,249829,203970,-173189
57.22913857,252337,249942,203936,-173217
57.2470079,252545,249971,203936,-173229
57.264877229999996,252638,250077,203939,-173177
57.28274656,252753,250192,203966,-173198
57.30061589,252923,250317,204028,-173222
57.31848522,253055,250401,204036,-173164
57.336354549999996,253025,250369,203935,-173175
57.35422388,252686,250031,203671,-173193
57.37209321,252698,249588,204157,-173311
57.38996254,252369,249603,204077,-172936
57.407831869999995,252848,249496,204102,-173260
57.4257012,252973,249549,204328,-173270
57.44357053,253474,250056,204357,-173727
57.46143986,253473,249955,203937,-173928
57.479309189999995,253023,250339,204161,-174036
57.49717852,252663,250322,204320,-174105
57.51504785,252892,250244,204261,-173718
57.53291718,253195,250434,204249,-173710
57.550786509999995,253068,249969,203816,-173970
57.56865584,253324,249942,203661,-174387
57.58652517,253691,250134,204171,-174396
57.6043945,253625,250041,204234,-174652
57.622263829999994,253624,250035,204256,-174760
57.64013316,253895,250097,204500,-174763
57.65800249,253804,250148,204596,-174444
57.67587182,253545,250138,204530,-174597
57.693741149999994,253560,249627,204276,-174617
57.71161048,253445,249610,203955,-174235
57.72947981,252934,249582,203949,-174208
57.74734914,252566,250093,204455,-174207
57.76521846999999,252617,250125,204391,-174016
57.7830878,253127,250137,204458,-173960
57.7830878,248922,245846,199593,-173261
57.80048451,249070,245888,199653,-173265
57.81788122,249227,245984,199699,-173188
57.83527793,249342,246122,199774,-173150
57.85267464,249433,246239,199789,-173166
57.870071349999996,249547,246355,199909,-173190
57.887468059999996,249779,246566,199942,-173161
57.904864769999996,249918,246677,200063,-173164
57.922261479999996,250106,246845,200182,-173122
57.939658189999996,250259,247011,200255,-173159
57.957054899999996,250323,247139,200250,-173218
57.974451609999996,250542,247363,200417,-173171
57.991848319999995,250682,247494,200533,-173222
58.009245029999995,250884,247670,200633,-173244
58.026641739999995,251105,247948,200802,-173204
58.044038449999995,251333,248181,200957,-173183
58.061435159999995,251454,248390,201039,-173208
58.078831869999995,251393,248400,201007,-173241
58.096228579999995,251272,248271,200916,-173213
58.113625289999995,251055,248041,200776,-173149
58.131022,250619,247702,200506,-173182
58.14841871,250468,247386,200217,-173171
58.16581542,250010,246965,199992,-173215
58.18321213,249757,246771,199768,-173175
58.20060884,249504,246403,199522,-173211
58.21800555,249342,246292,199465,-173159
58.23540226,249306,246093,199292,-173149
58.25279897,249258,246073,199232,-173143
58.27019568,249305,246055,199221,-173129
58.28759239,249378,246098,199233,-173218
58.3049891,249498,246172,199277,-173166
58.32238581,249575,246251,199201,-173210
58.33978252,249639,246284,199233,-173171
58.35717923,249692,246221,199251,-173194
58.37457594,249809,246349,199279,-173156
58.39197265,249838,246421,199281,-173149
58.40936936,249907,246563,199263,-173128
58.42676607,250057,246717,199394,-173158
58.44416278,250166,246915,199478,-173089
58.46155949,250330,247125,199564,-173102
58.4789562,250424,247294,199758,-173151
58.4789562,250874,247858,200144,-173138
58.498309895,251065,248048,200231,-173160
58.51766359,251262,248293,200366,-173137
58.537017285,251620,248672,200647,-173202
58.55637098,251833,248966,200782,-173250
58.575724675,252139,249289,201011,-173256
58.595078369999996,252389,249701,201254,-173195
58.614432065,252772,250208,201594,-173199
58.63378576,253092,250540,201722,-173177
58.653139455,253468,251038,202040,-173183
58.67249315,253768,251382,202328,-173223
58.691846845,254171,251887,202694,-173178
58.71120054,254478,252294,202932,-173164
58.730554235,254819,252561,203176,-173154
58.74990793,254984,252727,203292,-173172
58.769261625,255096,252770,203398,-173150
58.78861532,254953,252704,203333,-173207
58.807969015,254794,252471,203158,-173177
58.82732271,254513,252214,203006,-173167
58.846676405,254346,251826,202828,-173179
58.8660301,254149,251555,202648,-173138
58.885383795,253895,251299,202475,-173182
58.90473749,253795,251179,202386,-173157
58.924091185,253799,251038,202304,-173161
58.94344488,253827,251067,202269,-173156
58.962798575,253887,251069,202293,-173184
58.98215227,253986,251135,202355,-173132
59.001505965,254243,251297,202443,-173150
59.02085966,254418,251495,202375,-173180
59.040213355,254626,251622,202480,-173191
59.05956705,254763,251843,202602,-173219
59.078920745,254966,252034,202604,-173194
59.09827444,255140,252277,202759,-173143
59.117628135,255225,252502,202852,-173168
59.13698183,255302,252723,202919,-173128
59.156335525,255238,252755,202990,-173158
59.17568922,255206,252871,203045,-173145
59.195042915,255162,252863,202967,-173170
59.21439661,255197,252869,202976,-173180
59.233750305,255299,252918,203096,-173139
59.253104,255400,253058,203214,-173192
59.253104,256009,253482,203694,-173154
59.274843578125,256232,253776,203892,-173158
59.29658315625,256463,254087,204139,-173166
59.318322734375,256724,254474,204435,-173128
59.3400623125,257049,254882,204762,-173143
59.361801890625,257393,255276,205015,-173113
59.38354146875,257818,255739,205341,-173157
59.405281046875004,258182,256204,205608,-173143
59.427020625,258526,256730,205834,-173213
59.448760203125,259011,257134,206204,-173168
59.47049978125,259490,257653,206530,-173182
59.492239359375,259942,258009,206789,-173193
59.5139789375,260344,258440,207079,-173215
59.535718515625,260632,258628,207236,-173199
59.55745809375,260766,258626,207336,-173228
59.579197671875,260846,258653,207298,-173199
59.60093725,262392,257406,206349,-173319
59.622676828125,263940,258227,207530,-173412
59.64441640625,264820,257888,207899,-172324
59.666155984375,263855,256697,207131,-172206
59.6878955625,261947,256716,207112,-174071
59.709635140625004,260465,255035,206503,-172136
59.731374718750004,262277,256702,208341,-172233
59.753114296875005,262200,256660,209546,-171930
59.774853875000005,262016,255570,209297,-173271
59.796593453125,261118,255425,209467,-172501
59.81833303125,260664,255232,209114,-173576
59.840072609375,258876,257092,207802,-173525
59.8618121875,256839,258624,206326,-172662
59.883551765625,256691,257556,205818,-171504
59.90529134375,255682,257455,204891,-171754
59.927030921875,257602,258511,205131,-169717
59.9487705,257598,256977,205002,-170014
59.9487705,261171,256737,205524,-173157
59.9675245575,261279,256861,205572,-173164
59.986278615,261492,257036,205705,-173132
60.0050326725,261714,257192,205836,-173140
60.023786730000005,261854,257292,205891,-173153
60.0425407875,262115,257499,206020,-173191
60.061294845,262253,257615,206090,-173199
60.0800489025,262445,257845,206246,-173162
60.09880296,262623,257938,206367,-173178
60.117557017500005,262847,258149,206480,-173167
60.136311075,263042,258332,206618,-173156
60.1550651325,263332,258576,206725,-173137
60.17381919,263532,258824,206957,-173161
60.1925732475,263722,258993,207022,-173168
60.211327305000005,263913,259193,207161,-173198
60.2300813625,264144,259376,207355,-173199
60.24883542,264333,259465,207468,-173191
60.2675894775,264419,259491,207493,-173219
60.286343535,264343,259318,207381,-173159
60.305097592500005,264201,259100,207266,-173164
60.32385165,263929,258730,207076,-173189
60.3426057075,263582,258381,206866,-173184
60.361359765,263352,258047,206716,-173165
60.3801138225,263167,257808,206564,-173156
60.398867880000005,262962,257622,206398,-173187
60.4176219375,262844,257432,206364,-173179
60.436375995,262745,257327,206317,-173159
60.4551300525,262639,257204,206271,-173163
60.47388411,262626,257252,206292,-173173
60.492638167500004,262664,257314,206355,-173148
60.511392225,262787,257358,206385,-173191
60.5301462825,262813,257379,206433,-173182
60.54890034,262813,257401,206446,-173233
60.5676543975,262834,257490,206509,-173166
60.586408455000004,262858,257548,206571,-173191
60.6051625125,262934,257621,206612,-173149
60.62391657,262950,257576,206648,-173148
60.6426706275,262936,257514,206671,-173187
60.661424685,263001,257563,206637,-173165
60.680178742500004,263105,257646,206753,-173141
60.6989328,263199,257776,206835,-173113
60.6989328,263362,257994,207049,-173165
60.7169312025,263524,258168,207169,-173146
60.734929605000005,263611,258243,207241,-173168
60.7529280075,263750,258439,207355,-173126
60.77092641,263857,258546,207462,-173161
60.7889248125,264152,258715,207625,-173097
60.806923215,264139,258876,207757,-173144
60.8249216175,264397,259081,207861,-173165
60.84292002,264462,259186,207988,-173205
60.8609184225,264656,259368,208170,-173174
60.878916825000005,264787,259525,208213,-173194
60.8969152275,265046,259746,208403,-173092
60.91491363,265197,259962,208521,-173143
60.9329120325,265373,260047,208688,-173138
60.950910435,265487,260232,208790,-173217
60.9689088375,265652,260468,209013,-173142
60.98690724,265860,260633,209112,-173170
61.0049056425,265964,260711,209203,-173183
61.022904045000004,265958,260575,209235,-173140
61.0409024475,265828,260459,209072,-173127
61.05890085,265492,260127,208854,-173215
61.0768992525,265172,259786,208653,-173170
61.094897655,264874,259410,208355,-173183
61.1128960575,264616,259061,208220,-173142
61.13089446,264362,258806,207987,-173099
61.1488928625,264185,258577,207828,-173092
61.166891265000004,263993,258312,207681,-173187
61.1848896675,263900,258284,207647,-173163
61.20288807,263859,258245,207588,-173110
61.2208864725,263794,258263,207573,-173145
61.238884875,263798,258238,207636,-173119
61.2568832775,263829,258221,207592,-173167
61.27488168,263843,258317,207595,-173131
61.2928800825,263884,258303,207572,-173148
61.310878485,263858,258294,207586,-173145
61.3288768875,263859,258315,207599,-173166
61.34687529,263846,258273,207566,-173160
61.3648736925,263860,258273,207597,-173112
61.382872094999996,263891,258259,207584,-173134
61.4008704975,263922,258365,207646,-173125
61.4188689,263976,258453,207694,-173121
61.4188689,263964,258588,207799,-173127
61.4368681775,264030,258733,207865,-173187
61.454867455,264167,258850,207904,-173193
61.4728667325,264277,258950,208026,-173165
61.49086601,264369,259100,208085,-173120
61.5088652875,264387,259141,208147,-173230
61.526864565,264432,259218,208208,-173208
61.5448638425,264632,259409,208371,-173181
61.56286312,264787,259597,208499,-173126
61.5808623975,264849,259696,208578,-173201
61.598861675,264980,259752,208625,-173221
61.6168609525,265079,259887,208641,-173217
61.63486023,265244,260000,208816,-173197
61.6528595075,265329,260178,208934,-173179
61.670858785,265503,260354,209010,-173196
61.6888580625,265687,260534,209174,-173138
61.70685734,265695,260633,209217,-173199
61.7248566175,265689,260586,209169,-173174
61.742855895,265538,260345,209097,-173173
61.7608551725,265183,260077,208814,-173159
61.77885445,264782,259569,208526,-173158
61.7968537275,264389,259179,208169,-173144
61.814853005,263880,258672,207897,-173163
61.8328522825,263433,258258,207559,-173129
61.85085156,263046,257860,207199,-173140
61.8688508375,262682,257567,206944,-173163
61.886850115,262431,257260,206768,-173161
61.904849392500005,262134,257038,206519,-173196
61.92284867,261989,256898,206457,-173167
61.940847947500004,261839,256796,206319,-173181
61.958847225,261784,256727,206271,-173194
61.9768465025,261655,256561,206181,-173147
61.99484578,261622,256508,206101,-173215
62.0128450575,261540,256429,206074,-173141
62.030844335000005,261351,256342,205963,-173158
62.0488436125,261265,256266,205782,-173191
62.066842890000004,261131,256187,205727,-173176
62.0848421675,261070,255999,205605,-173176
62.102841445,260971,255998,205551,-173141
62.1208407225,260960,255915,205531,-173102
62.13884,260908,255866,205423,-173128
62.13884,260890,255887,205501,-173170
62.158341825,260947,255898,205597,-173098
62.17784365,260925,255950,205608,-173140
62.197345475,260993,255918,205586,-173127
62.216847300000005,260939,255939,205572,-173192
62.236349125000004,261047,256010,205528,-173137
62.25585095,261119,256068,205583,-173155
62.275352775,261175,256179,205546,-173102
62.2948546,261249,256295,205641,-173147
62.314356425,261314,256410,205807,-173172
62.333858250000006,261248,256479,205795,-173167
62.353360075000005,261288,256529,205827,-173172
62.372861900000004,261278,256569,205894,-173179
62.392363725,261374,256743,206022,-173137
62.41186555,261293,256703,206018,-173209
62.431367375,261187,256654,206008,-173199
62.4508692,260928,256489,205930,-173189
62.470371025000006,260619,256228,205771,-173088
62.489872850000005,260286,255934,205604,-173119
62.509374675000004,259852,255652,205417,-173199
62.5288765,259506,255463,205267,-173159
62.548378325,259253,255428,205184,-173094
62.56788015,259034,255344,205216,-173078
62.587381975,258839,255299,205262,-173227
62.606883800000006,258781,255269,205230,-173217
62.626385625000005,258817,255283,205285,-173207
62.645887450000004,258847,255372,205362,-173136
62.665389275,258929,255427,205382,-173206
62.6848911,259067,255591,205491,-173207
62.704392925,259204,255712,205569,-173173
62.72389475,259336,255925,205702,-173141
62.743396575000006,259460,255964,205767,-173181
62.762898400000005,259546,256025,205821,-173187
62.782400225,259756,256126,205958,-173173
62.80190205,259931,256278,206063,-173221
62.821403875,260254,256646,206294,-173133
62.8409057,260503,256843,206553,-173153
62.86040752500001,260847,257092,206992,-173104
62.879909350000005,261127,257259,207369,-173165
62.899411175000004,261364,257364,207724,-173153
62.918913,261698,257505,208106,-173193
62.918913,262458,257894,208779,-173164
62.936162072500004,262768,258183,209132,-173115
62.953411145000004,263198,258395,209349,-173134
62.970660217500004,263479,258540,209465,-173153
62.987909290000005,263745,258647,209568,-173131
63.005158362500005,263977,258773,209650,-173107
63.022407435000005,264193,258878,209727,-173138
63.039656507500005,264421,259068,209872,-173130
63.056905580000006,264560,259264,209939,-173174
63.074154652500006,264703,259410,209952,-173200
63.091403725000006,264715,259351,209449,-173141
63.1086527975,264779,259347,209848,-173075
63.12590187,264280,259384,209927,-173511
63.1431509425,264504,259130,209417,-173518
63.160400015,264600,258694,209689,-173262
63.1776490875,265111,258698,209660,-173499
63.19489816,264694,258698,209896,-173554
63.2121472325,264375,258605,210119,-174010
63.229396305,264095,258529,210108,-173931
63.2466453775,263645,258840,209822,-173923
63.26389445,264104,258363,209819,-174189
63.2811435225,263848,258197,210239,-173694
63.298392595,263909,258517,209946,-173856
63.3156416675,264414,258376,209817,-174058
63.33289074,264894,258241,209870,-174166
63.350139812500004,265403,258619,210357,-174178
63.367388885000004,264991,258354,210819,-173991
63.384637957500004,264737,258262,210619,-173812
63.401887030000005,264272,258710,210344,-173864
63.419136102500005,264010,258569,210759,-174316
63.436385175,263743,258537,210721,-174593
63.4536342475,263646,258345,210460,-174588
63.47088332,263522,258268,210107,-174654
63.4881323925,263518,258250,210194,-174758
63.505381465,263981,257866,210306,-175090
63.5226305375,264004,257854,210245,-174595
63.53987961,263615,257489,210304,-174151
63.5571286825,263614,257128,210491,-173779
63.574377755,264121,256619,210278,-173332
63.5916268275,263704,257106,210397,-172956
63.6088759,263319,257617,210236,-173193
63.6088759,258617,255172,204678,-173131
63.627482065,258577,255226,204779,-173162
63.646088230000004,258665,255417,204823,-173142
63.664694395,258778,255652,204917,-173165
63.68330056,258934,255794,204950,-173212
63.701906725,259012,255996,205076,-173181
63.72051289,259071,256187,205194,-173178
63.739119055,259164,256352,205283,-173182
63.75772522,259238,256357,205327,-173099
63.776331385,259259,256481,205286,-173162
63.79493755,259311,256535,205373,-173180
63.813543715,259345,256578,205393,-173165
63.83214988,259510,256690,205471,-173147
63.850756045,259597,256762,205474,-173131
63.86936221,259776,256953,205559,-173182
63.887968375,259899,257234,205601,-173132
63.90657454,260025,257478,205767,-173136
63.925180705,260264,257741,205991,-173139
63.94378687,260467,258004,206098,-173130
63.962393035,260574,258218,206257,-173081
63.9809992,260601,258240,206305,-173114
63.999605365,260375,258130,206162,-173189
64.01821153,260021,257730,205927,-173158
64.036817695,259521,257668,206408,-173273
64.05542386,259135,257623,206359,-173541
64.074030025,259607,257519,206375,-173949
64.09263619,259380,257061,206863,-173956
64.111242355,259702,256640,207116,-174413
64.12984852,259706,256481,207618,-174186
64.148454685,260104,256800,207334,-174325
64.16706085,259765,256991,207638,-174269
64.18566701499999,259995,256916,207547,-174598
64.20427318,259561,256528,207275,-174587
64.222879345,259356,256163,207386,-174910
64.24148551,258844,256137,207423,-174714
64.260091675,258828,255816,207519,-175054
64.27869783999999,258727,255887,207619,-175182
64.297304005,258286,256035,207555,-175191
64.31591017,258377,256231,207663,-175603
64.334516335,258512,256171,207370,-175804
64.3531225,258415,256230,207586,-175812
64.3531225,254818,253636,202649,-173181
64.37126558749999,254723,253529,202572,-173142
64.389408675,254633,253469,202417,-173134
64.40755176249999,254548,253396,202378,-173137
64.42569485,254507,253446,202457,-173109
64.44383793749999,254561,253478,202520,-173104
64.461981025,254591,253595,202560,-173164
64.4801241125,254631,253716,202691,-173150
64.4982672,254835,253875,202823,-173147
64.5164102875,254891,254074,202930,-173111
64.534553375,255058,254175,203021,-173129
64.5526964625,255205,254325,203101,-173134
64.57083955,255345,254500,203222,-173174
64.5889826375,255425,254576,203246,-173226
64.607125725,255483,254647,203339,-173155
64.6252688125,255479,254719,203340,-173218
64.6434119,255688,254862,203414,-173153
64.6615549875,255769,254917,203430,-173141
64.679698075,255813,255042,203489,-173114
64.6978411625,255946,255265,203568,-173054
64.71598424999999,256025,255340,203718,-173150
64.7341273375,256121,255552,203817,-173143
64.75227042499999,256281,255779,203969,-173111
64.7704135125,256402,256000,204104,-173176
64.78855659999999,255902,255682,204370,-173149
64.8066996875,256077,255718,204370,-172957
64.824842775,256341,255732,204390,-172945
64.8429858625,256677,255477,204652,-172949
64.86112895,256558,255104,204843,-173398
64.8792720375,256302,255010,204544,-173203
64.897415125,256413,254690,204255,-173303
64.9155582125,256189,254857,203919,-173375
64.9337013,255908,254769,203850,-173348
64.9518443875,255906,254825,204345,-173351
64.969987475,255443,255260,203895,-173484
64.9881305625,255701,255143,203596,-173357
65.00627365,255508,254821,203676,-173705
65.0244167375,256006,255163,203651,-173774
65.042559825,256172,255390,203890,-173954
65.0607029125,256358,255053,203985,-174258
65.078846,255913,254760,204128,-173806
65.078846,252446,253060,202300,-173193
65.094329586,252465,253125,202356,-173120
65.109813172,252525,253182,202477,-173090
65.125296758,252492,253253,202493,-173124
65.14078034399999,252462,253253,202573,-173130
65.15626393,252398,253261,202625,-173175
65.171747516,252427,253301,202704,-173125
65.187231102,252378,253326,202642,-173181
65.202714688,252360,253371,202680,-173155
65.218198274,252400,253461,202787,-173145
65.23368186,252479,253543,202868,-173181
65.24916544599999,252489,253575,202927,-173085
65.264649032,252411,253455,202936,-172969
65.280132618,252351,253442,202881,-172958
65.295616204,252236,253350,202851,-172888
65.31109979,252224,253399,202799,-172920
65.326583376,252230,253385,202701,-172912
65.342066962,252138,253391,202701,-172790
65.35755054799999,252178,253377,202709,-172781
65.373034134,252107,253449,202696,-172772
65.38851772,252111,253418,202816,-172833
65.404001306,252186,253413,202930,-172865
65.419484892,252299,253359,202930,-172938
65.434968478,252363,253268,202944,-172932
65.450452064,252235,253316,203011,-173052
65.46593565,252230,253284,202995,-173034
65.481419236,252111,253281,202940,-173050
65.496902822,252209,253231,202924,-173029
65.512386408,252306,253283,202939,-173011
65.527869994,252224,253403,203039,-172934
65.54335358,252221,253316,203087,-172930
65.558837166,252295,253315,203028,-173038
65.574320752,252332,253329,203023,-173043
65.589804338,252304,253204,203034,-173032
65.605287924,252296,253088,202926,-173081
65.62077151,252302,253043,202918,-173206
65.636255096,252380,253050,202851,-173298
65.651738682,252415,253059,202839,-173185
65.667222268,252419,252965,202716,-173194
65.682705854,252371,252976,202698,-173197
65.69818944,252379,253006,202677,-173297
65.713673026,252371,253002,202758,-173327
65.729156612,252364,253048,202758,-173210
65.744640198,252274,252960,202861,-173224
65.760123784,252326,252902,202790,-173300
65.77560737,252348,252976,202800,-173226
65.791090956,252462,252966,202722,-173352
65.80657454199999,252409,252888,202726,-173375
65.822058128,252347,252836,202785,-173377
65.837541714,252444,252883,202831,-173388
65.8530253,252439,252946,202886,-173373
65.8530253,253167,255643,204814,-173133
65.869671365,253113,255580,204853,-173117
65.88631743,253054,255427,204798,-173136
65.902963495,253050,255406,204872,-173080
65.91960956,252979,255223,204831,-173165
65.936255625,252986,255197,204903,-173172
65.95290169,253002,255165,204869,-173153
65.969547755,253083,255149,204761,-173178
65.98619382,253239,255131,204617,-173188
66.002839885,253431,255191,204534,-173146
66.01948595,253548,255211,204381,-173179
66.036132015,253574,255184,204341,-173174
66.05277808,253523,255038,204205,-173208
66.069424145,253424,254845,204038,-173202
66.08607021,253341,254706,203876,-173149
66.102716275,253330,254632,203834,-173133
66.11936234,253303,254549,203809,-173146
66.136008405,253527,254585,203946,-173158
66.15265447,253685,254696,204062,-173144
66.169300535,254004,254763,204245,-173129
66.1859466,254245,254847,204285,-173104
66.202592665,254510,254907,204397,-173161
66.21923873,254751,254982,204520,-173182
66.235884795,255078,255169,204619,-173183
66.25253086000001,255353,255294,204693,-173173
66.269176925,255711,255507,204782,-173138
66.28582299,256011,255794,204950,-173154
66.302469055,256452,256217,205282,-173153
66.31911512,256871,256657,205633,-173202
66.335761185,257307,257092,206004,-173177
66.35240725,257747,257481,206462,-173172
66.369053315,258143,257863,206934,-173137
66.38569938,258520,258339,207279,-173147
66.40234544500001,258966,258662,207677,-173081
66.41899151,259300,259067,207900,-173088
66.435637575,259691,259356,208232,-173080
66.45228364,259833,259498,208392,-173137
66.46892970500001,259861,259731,208483,-173157
66.48557577,259712,259559,208544,-173131
66.502221835,259433,259316,208457,-173143
66.5188679,259179,259031,208368,-173183
